{
    "ProcessWorkflowExecution": {
        "name": "Process Workflow Execution",
        "isSystem": true,
        "scheduling": "*/1 * * * *",
        "jobClassName": "Espo\\Modules\\Workflows\\Jobs\\ProcessWorkflowExecution"
    },
    "ProcessScheduledWorkflow": {
        "name": "Process Scheduled Workflows",
        "isSystem": true,
        "scheduling": "*/5 * * * *",
        "jobClassName": "Espo\\Modules\\Workflows\\Jobs\\ProcessScheduledWorkflow"
    },
    "ProcessRecurringWorkflow": {
        "name": "Process Recurring Workflows",
        "isSystem": true,
        "scheduling": "*/10 * * * *",
        "jobClassName": "Espo\\Modules\\Workflows\\Jobs\\ProcessRecurringWorkflow"
    }
}

