{
    "controller": "controllers/record",
    "views": {
        "list": "workflows:workflow/record/list",
        "detail": "workflows:workflow/record/detail",
        "edit": "workflows:workflow-editor/workflow-editor"
    },
    "rowActionDefs": {
        "toggleActive": {
            "labelTranslation": "Workflow.actions.toggleActive",
            "handler": "workflows:handlers/workflow/toggle-active-row-action",
            "groupIndex": 1
        },
        "editWorkflow": {
            "labelTranslation": "Edit",
            "handler": "workflows:handlers/workflow/edit-workflow-row-action",
            "groupIndex": 2
        }
    },
    "relationshipPanels": {
        "executions": {
            "view": "workflows:workflow/record/panels/executions"
        },
        "logs": {
            "view": "workflows:workflow/record/panels/logs"
        }
    },
    "color": "#6c757d",
    "iconClass": "fas fa-project-diagram"
}

